{
  "ablation": {
    "nlpai-lab/KURE-v1": {
      "vector": {
        "overall": {
          "hit_rate@1": 0.538961038961039,
          "hit_rate@5": 0.8441558441558441,
          "recall@10": 0.8961038961038961,
          "mrr": 0.6721217274788703
        },
        "by_type": {
          "definition": {
            "hit_rate@1": 0.875,
            "hit_rate@5": 0.875,
            "recall@10": 0.875,
            "mrr": 0.875
          },
          "multihop": {
            "hit_rate@1": 0.47863247863247865,
            "hit_rate@5": 0.8290598290598291,
            "recall@10": 0.8888888888888888,
            "mrr": 0.6301756885090218
          },
          "single": {
            "hit_rate@1": 0.6896551724137931,
            "hit_rate@5": 0.896551724137931,
            "recall@10": 0.9310344827586207,
            "mrr": 0.7853858784893267
          }
        },
        "n_questions": 154
      },
      "hybrid": {
        "overall": {
          "hit_rate@1": 0.45454545454545453,
          "hit_rate@5": 0.8441558441558441,
          "recall@10": 0.9090909090909091,
          "mrr": 0.6178519892805607
        },
        "by_type": {
          "definition": {
            "hit_rate@1": 0.375,
            "hit_rate@5": 0.75,
            "recall@10": 0.875,
            "mrr": 0.5197916666666667
          },
          "multihop": {
            "hit_rate@1": 0.4017094017094017,
            "hit_rate@5": 0.8290598290598291,
            "recall@10": 0.905982905982906,
            "mrr": 0.5833265499932168
          },
          "single": {
            "hit_rate@1": 0.6896551724137931,
            "hit_rate@5": 0.9310344827586207,
            "recall@10": 0.9310344827586207,
            "mrr": 0.7841954022988504
          }
        },
        "n_questions": 154
      },
      "graph": {
        "overall": {
          "hit_rate@1": 0.2792207792207792,
          "hit_rate@5": 0.8896103896103896,
          "recall@10": 0.9448051948051948,
          "mrr": 0.5293625025767883
        },
        "by_type": {
          "definition": {
            "hit_rate@1": 0.25,
            "hit_rate@5": 0.75,
            "recall@10": 0.75,
            "mrr": 0.41666666666666663
          },
          "multihop": {
            "hit_rate@1": 0.24786324786324787,
            "hit_rate@5": 0.8888888888888888,
            "recall@10": 0.9572649572649573,
            "mrr": 0.5185626102292769
          },
          "single": {
            "hit_rate@1": 0.41379310344827586,
            "hit_rate@5": 0.9310344827586207,
            "recall@10": 0.9482758620689655,
            "mrr": 0.6040229885057471
          }
        },
        "n_questions": 154
      }
    },
    "BAAI/bge-m3": {
      "vector": {
        "overall": {
          "hit_rate@1": 0.538961038961039,
          "hit_rate@5": 0.7402597402597403,
          "recall@10": 0.827922077922078,
          "mrr": 0.6333848690991548
        },
        "by_type": {
          "definition": {
            "hit_rate@1": 0.75,
            "hit_rate@5": 0.875,
            "recall@10": 0.875,
            "mrr": 0.78125
          },
          "multihop": {
            "hit_rate@1": 0.47863247863247865,
            "hit_rate@5": 0.7008547008547008,
            "recall@10": 0.8034188034188035,
            "mrr": 0.5834486501153168
          },
          "single": {
            "hit_rate@1": 0.7241379310344828,
            "hit_rate@5": 0.8620689655172413,
            "recall@10": 0.9137931034482759,
            "mrr": 0.7940613026819924
          }
        },
        "n_questions": 154
      },
      "hybrid": {
        "overall": {
          "hit_rate@1": 0.4675324675324675,
          "hit_rate@5": 0.8051948051948052,
          "recall@10": 0.8538961038961039,
          "mrr": 0.6022211915069058
        },
        "by_type": {
          "definition": {
            "hit_rate@1": 0.375,
            "hit_rate@5": 0.875,
            "recall@10": 0.875,
            "mrr": 0.5291666666666667
          },
          "multihop": {
            "hit_rate@1": 0.4188034188034188,
            "hit_rate@5": 0.7692307692307693,
            "recall@10": 0.8376068376068376,
            "mrr": 0.5631800298466966
          },
          "single": {
            "hit_rate@1": 0.6896551724137931,
            "hit_rate@5": 0.9310344827586207,
            "recall@10": 0.9137931034482759,
            "mrr": 0.7798850574712642
          }
        },
        "n_questions": 154
      },
      "graph": {
        "overall": {
          "hit_rate@1": 0.2792207792207792,
          "hit_rate@5": 0.8441558441558441,
          "recall@10": 0.9383116883116883,
          "mrr": 0.5098794063079778
        },
        "by_type": {
          "definition": {
            "hit_rate@1": 0.25,
            "hit_rate@5": 0.75,
            "recall@10": 0.75,
            "mrr": 0.41666666666666663
          },
          "multihop": {
            "hit_rate@1": 0.23931623931623933,
            "hit_rate@5": 0.8290598290598291,
            "recall@10": 0.9487179487179487,
            "mrr": 0.48884818884818887
          },
          "single": {
            "hit_rate@1": 0.4482758620689655,
            "hit_rate@5": 0.9310344827586207,
            "recall@10": 0.9482758620689655,
            "mrr": 0.6204433497536945
          }
        },
        "n_questions": 154
      }
    },
    "intfloat/multilingual-e5-large": {
      "vector": {
        "overall": {
          "hit_rate@1": 0.5324675324675324,
          "hit_rate@5": 0.8181818181818182,
          "recall@10": 0.8993506493506493,
          "mrr": 0.6670892599464028
        },
        "by_type": {
          "definition": {
            "hit_rate@1": 0.5,
            "hit_rate@5": 0.625,
            "recall@10": 0.875,
            "mrr": 0.5989583333333334
          },
          "multihop": {
            "hit_rate@1": 0.5042735042735043,
            "hit_rate@5": 0.8034188034188035,
            "recall@10": 0.8974358974358975,
            "mrr": 0.6502001085334419
          },
          "single": {
            "hit_rate@1": 0.6551724137931034,
            "hit_rate@5": 0.9310344827586207,
            "recall@10": 0.9137931034482759,
            "mrr": 0.754022988505747
          }
        },
        "n_questions": 154
      },
      "hybrid": {
        "overall": {
          "hit_rate@1": 0.5,
          "hit_rate@5": 0.8441558441558441,
          "recall@10": 0.9025974025974026,
          "mrr": 0.6458101422387137
        },
        "by_type": {
          "definition": {
            "hit_rate@1": 0.25,
            "hit_rate@5": 0.625,
            "recall@10": 0.875,
            "mrr": 0.4095238095238095
          },
          "multihop": {
            "hit_rate@1": 0.4700854700854701,
            "hit_rate@5": 0.8376068376068376,
            "recall@10": 0.8974358974358975,
            "mrr": 0.6254578754578755
          },
          "single": {
            "hit_rate@1": 0.6896551724137931,
            "hit_rate@5": 0.9310344827586207,
            "recall@10": 0.9310344827586207,
            "mrr": 0.7931034482758621
          }
        },
        "n_questions": 154
      },
      "graph": {
        "overall": {
          "hit_rate@1": 0.2727272727272727,
          "hit_rate@5": 0.8701298701298701,
          "recall@10": 0.9285714285714286,
          "mrr": 0.5249072356215213
        },
        "by_type": {
          "definition": {
            "hit_rate@1": 0.375,
            "hit_rate@5": 0.75,
            "recall@10": 0.75,
            "mrr": 0.5104166666666666
          },
          "multihop": {
            "hit_rate@1": 0.21367521367521367,
            "hit_rate@5": 0.8632478632478633,
            "recall@10": 0.9401709401709402,
            "mrr": 0.49474969474969477
          },
          "single": {
            "hit_rate@1": 0.4827586206896552,
            "hit_rate@5": 0.9310344827586207,
            "recall@10": 0.9310344827586207,
            "mrr": 0.650574712643678
          }
        },