{
  "p50": 6169.8652524501085,
  "p95": 12476.493805646896,
  "mean": 6691.638278609349,
  "max": 21764.77843336761,
  "n": 180
}